,gRNA,predicted_ds_k
43,tcgggagaagacggccttta,2.033984784799192
27,gtagcttactacgccgattg,1.9355428048808634
31,acgagatgatcacatcatcc,1.7693147971192706
50,gtcggatcacgccagaccgc,1.7472662601840505
22,ccgcgcttgagaataggtga,1.670103057624237
46,agacagaactgggtaataaa,1.6541035659937522
34,tatgcaggcattggttatga,1.6420388868581781
3,aaagcatttgcggcagagaa,1.608802669480733
4,ttaagagtgcgtttgaacac,1.60090592857315
35,aaaagatgatgaattatgat,1.5840668228263413
16,agtcaacgagccgtagtcgt,1.5750023984272914
19,agtgtaatctggcagcttta,1.5732482056046309
23,aactgtaagaaacttgtccc,1.5005200806940329
20,atatcaacaacggcaaaaaa,1.4782679578175035
24,ttacagttgaaaatgttgag,1.4572920519097643
13,cggatcataatcaatatagc,1.4569736327494278
15,tttgccgttgttgatattaa,1.443766449098936
54,cttacaggaaaaataacagt,1.4395901245968126
18,agatgcccaccagttcttag,1.4334641065614346
44,gcaggcaactgttttcggta,1.4155913693821804
30,gcccaattacaagcggctta,1.4122636449387462
45,ggtaaacctgcggtctggcg,1.3838803386049525
53,ctgtaagcaaatttggttct,1.376452901093254
29,ttcaatcggcgtagtaagct,1.3699578568291229
38,aaaatacctgtgcggcccgt,1.3533484378776102
32,aaagtcctgattttgttgat,1.3415911849258109
14,tttccggatcataatcaata,1.3301381782147659
11,accgggaagggaaaactgaa,1.3199299682360066
8,agcgccgtcaagtcctttct,1.3081842729054
37,ccctggtcataaccaatgcc,1.2964992616913884
2,gacttgcctttaaaagatac,1.295853136637147
36,gaatcaacaaaatcaggact,1.2898270749471221
41,attaatgccacgctcatacg,1.2598804040793679
39,aaggccgtcttctcccgata,1.2389457408356974
0,aaagataccagagcccgaat,1.2327628192540176
10,ccagataactcctcgggagc,1.2318221511538996
6,aacacttacatgcactaagt,1.2227504970006735
17,ccatctaagaactggtgggc,1.2200938342874834
1,gccccaggctcccgaggagt,1.211474742641933
49,ccgaaaacagttgcctgcga,1.1890888417658707
52,cagaagaagaccacaccttt,1.1302506081168706
33,ttgattcgaaagatttctat,1.120581300629822
5,cggcagagaaaggacttgac,1.0838121567067354
25,gttttgttcaatctccaata,1.0663571026374854
26,ttcaatctccaatacttgca,1.0237002940306437
28,tctaagcagagggttgcaag,1.014848410820899
21,gatcacgggtgatacgacta,1.0090924737465277
9,aagactaagtggttcaccag,0.9770206942086315
40,aaactgagcaccaagtttcc,0.9681328418654138
42,aacttcacacctgatttaat,0.9527120198752457
12,ccttcccggtcaaacttaag,0.9451712418510709
7,tctgccgcaaatgcttttaa,0.9371876351633662
47,aatgctccggcccttccact,0.8124415303527508
51,ttacccagttctgtctgaaa,0.7948550218247941
48,gcgcctgtttcaatgctccg,0.7116034260438053
